Workbook

Sheet How to Use
A1: REFINED RADIO — MASTER CONTROL SHEET
A3: Edit this file, send it back, and say 'rebuild the radio from this sheet.'
A5: Preview column: | B5: click the ▶ Play link to hear the song in a small player, then set its Genre/Style.
A6: Pull a song: | B6: set In Rotation? = No.
A7: Rename on air: | B7: edit Display Name.
A8: Gold columns | B8: are read back into the site.
A9: NEW tag | B9: means a recently added song.

Sheet Song Library
A1: SONG LIBRARY — click ▶ Preview to hear each song, then set Genre/Style. Gold columns rebuild the site.
A2: # | B2: ▶ Preview | C2: File (src) — known name | D2: Display Name (on station) | E2: Artist | F2: Genre | G2: Style / Version | H2: Family | I2: Versions | J2: New? | K2: In Rotation? | L2: Notes
A3: 1 | B3: ▶ Play | C3: music/A Vapor Breath.mp3 | D3: A Vapor Breath (2000s Alternative Metal) | E3: RRN | F3: Christian 2000s Alternative Metal | G3: 2000s Alternative Metal | H3: A Vapor Breath | I3: =COUNTIF($H$3:$H$248,H3) -> 1 | K3: Yes
A4: 2 | B4: ▶ Play | C4: music/A Whisper From Hannah Country Rock.mp3 | D4: A Whisper from Hannah (Southern Blues Rock) | E4: RRN | F4: Christian Southern Blues Rock | G4: Southern Blues Rock | H4: A Whisper from Hannah | I4: =COUNTIF($H$3:$H$248,H4) -> 1 | K4: Yes
A5: 3 | B5: ▶ Play | C5: music/ABIDE IN YOU— DANCE FLOOR ANTHEM.mp3 | D5: Abide in You (Dance) | E5: RRN | F5: Christian Dance | G5: Dance | H5: Abide in You | I5: =COUNTIF($H$3:$H$248,H5) -> 2 | K5: Yes
A6: 4 | B6: ▶ Play | C6: music/ABIDE IN YOU— Post-Grunge.mp3 | D6: Abide in You (Worship Rock) | E6: RRN | F6: Worship Rock | G6: Worship Rock | H6: Abide in You | I6: =COUNTIF($H$3:$H$248,H6) -> 2 | K6: Yes
A7: 5 | B7: ▶ Play | C7: music/Alabaster_Box.mp3 | D7: Alabaster Box (Teaching) | E7: RRN Teaching | F7: Biblical Teaching | G7: Teaching | H7: Alabaster Box | I7: =COUNTIF($H$3:$H$248,H7) -> 1 | K7: Yes
A8: 6 | B8: ▶ Play | C8: music/Alabaster Tears (Outlaw Country).mp3 | D8: Alabaster Tears (Outlaw Country) | E8: RRN | F8: Christian Outlaw Country | G8: Outlaw Country | H8: Alabaster Tears | I8: =COUNTIF($H$3:$H$248,H8) -> 1 | J8: NEW | K8: Yes
A9: 7 | B9: ▶ Play | C9: music/Among the Tombs (Outlaw Country).mp3 | D9: Among the Tombs (Outlaw Country) | E9: RRN | F9: Christian Outlaw Country | G9: Outlaw Country | H9: Among the Tombs | I9: =COUNTIF($H$3:$H$248,H9) -> 1 | J9: NEW | K9: Yes
A10: 8 | B10: ▶ Play | C10: music/Backside_Desert.mp3 | D10: Backside of the Desert (Teaching) | E10: RRN Teaching | F10: Biblical Teaching | G10: Teaching | H10: Backside of the Desert | I10: =COUNTIF($H$3:$H$248,H10) -> 1 | K10: Yes
A11: 9 | B11: ▶ Play | C11: music/Beauty for Ashes (1).mp3 | D11: Beauty for Ashes (Southern Blues Rock) | E11: RRN | F11: Christian Southern Blues Rock | G11: Southern Blues Rock | H11: Beauty for Ashes | I11: =COUNTIF($H$3:$H$248,H11) -> 1 | K11: Yes
A12: 10 | B12: ▶ Play | C12: music/Beauty Holiness Radio.mp3 | D12: Beauty Holiness (Worship) | E12: RRN | F12: Contemporary Worship | G12: Worship | H12: Beauty Holiness | I12: =COUNTIF($H$3:$H$248,H12) -> 1 | K12: Yes
A13: 11 | B13: ▶ Play | C13: music/Beauty Holiness Spanish Guitar (1).mp3 | D13: Beauty Holiness: Spanish Guitar Version (Southern Blues Rock) | E13: RRN | F13: Christian Southern Blues Rock | G13: Southern Blues Rock | H13: Beauty Holiness Spanish Guitar | I13: =COUNTIF($H$3:$H$248,H13) -> 1 | K13: Yes
A14: 13 | B14: ▶ Play | C14: music/Beyond the Shadows.mp3 | D14: Beyond the Shadows (Pop) | E14: RRN | F14: Christian Pop | G14: Pop | H14: Beyond the Shadows | I14: =COUNTIF($H$3:$H$248,H14) -> 1 | K14: Yes
A15: 14 | B15: ▶ Play | C15: music/Bless Your Name (Bluegrass).mp3 | D15: Bless Your Name (Bluegrass) | E15: RRN | F15: Christian Bluegrass | G15: Bluegrass | H15: Bless Your Name | I15: =COUNTIF($H$3:$H$248,H15) -> 1 | J15: NEW | K15: Yes
A16: 17 | B16: ▶ Play | C16: music/Blessed & a Mess Bounce Drop Country Rap (1).mp3 | D16: Blessed & a Mess (Country Rap Bounce Mix) | E16: RRN | F16: Christian Bounce Drop | G16: Bounce Drop | H16: Blessed & a Mess Country Rap | I16: =COUNTIF($H$3:$H$248,H16) -> 1 | K16: Yes
A17: 21 | B17: ▶ Play | C17: music/Bow Before Your Thone (K - Pop).mp3 | D17: Bow Before Your Throne (K-Pop) | E17: RRN | F17: Christian K-Pop | G17: K-Pop | H17: Bow Before Your Throne | I17: =COUNTIF($H$3:$H$248,H17) -> 1 | J17: NEW | K17: Yes
A18: 22 | B18: ▶ Play | C18: music/Break the Silence”.mp3 | D18: Break the Silence (Praise & Worship) | E18: RRN | F18: Praise & Worship | G18: Praise & Worship | H18: Break the Silence | I18: =COUNTIF($H$3:$H$248,H18) -> 1 | K18: Yes
A19: 23 | B19: ▶ Play | C19: music/Breath on Glass (1).mp3 | D19: Breath on Glass (Hip-Hop) | E19: RRN | F19: Christian Hip-Hop | G19: Hip-Hop | H19: Breath on Glass | I19: =COUNTIF($H$3:$H$248,H19) -> 1 | K19: Yes
A20: 25 | B20: ▶ Play | C20: music/Broken but Yours (Worship).mp3 | D20: Broken but Yours (Worship) | E20: RRN | F20: Contemporary Worship | G20: Worship | H20: Broken but Yours | I20: =COUNTIF($H$3:$H$248,H20) -> 1 | K20: Yes
A21: 26 | B21: ▶ Play | C21: music/Broken By Grace (Country).mp3 | D21: Broken by Grace (Country) | E21: RRN | F21: Christian Country | G21: Country | H21: Broken by Grace | I21: =COUNTIF($H$3:$H$248,H21) -> 1 | J21: NEW | K21: Yes
A22: 27 | B22: ▶ Play | C22: music/Broken Chains Psychedelic Rock Version (1).mp3 | D22: Broken Chains (Psychedelic Christian Rock) | E22: RRN | F22: Psychedelic Christian Rock | G22: Psychedelic Christian Rock | H22: Broken Chains Version | I22: =COUNTIF($H$3:$H$248,H22) -> 1 | K22: Yes
A23: 29 | B23: ▶ Play | C23: music/Brook_Code.mp3 | D23: Brook Code (Teaching) | E23: RRN Teaching | F23: Biblical Teaching | G23: Teaching | H23: Brook Code | I23: =COUNTIF($H$3:$H$248,H23) -> 1 | K23: Yes
A24: 30 | B24: ▶ Play | C24: music/CALLED BY NAME (I AM YOURS) (1).mp3 | D24: Called by Name (I Am Yours) (EDM) | E24: RRN | F24: Christian EDM | G24: EDM | H24: Called by Name | I24: =COUNTIF($H$3:$H$248,H24) -> 1 | K24: Yes
A25: 32 | B25: ▶ Play | C25: music/Called From the Low Places (1).mp3 | D25: Called from the Low Places (Southern Blues Rock) | E25: RRN | F25: Christian Southern Blues Rock | G25: Southern Blues Rock | H25: Called from the Low Places | I25: =COUNTIF($H$3:$H$248,H25) -> 1 | K25: Yes
A26: 36 | B26: ▶ Play | C26: music/CHAOS VS CALLING (1).mp3 | D26: Chaos vs. Calling (EDM) | E26: RRN | F26: Christian EDM | G26: EDM | H26: Chaos Vs Calling | I26: =COUNTIF($H$3:$H$248,H26) -> 1 | K26: Yes
A27: 38 | B27: ▶ Play | C27: music/Church N Chicken Bounce Drop Country Rap.mp3 | D27: Church N Chicken (Country Rap Bounce Mix) | E27: RRN | F27: Christian Bounce Drop | G27: Bounce Drop | H27: Church N Chicken | I27: =COUNTIF($H$3:$H$248,H27) -> 1 | K27: Yes
A28: 40 | B28: ▶ Play | C28: music/Clock Won’t Let Go Bounce Drop Country Rap.mp3 | D28: Clock Won't Let Go (Country Rap Bounce Mix) | E28: RRN | F28: Christian Bounce Drop | G28: Bounce Drop | H28: Clock Won’t Let Go | I28: =COUNTIF($H$3:$H$248,H28) -> 1 | K28: Yes
A29: 42 | B29: ▶ Play | C29: music/Closer Than My Breath Pop.mp3 | D29: Closer Than My Breath (Pop) | E29: RRN | F29: Christian Pop | G29: Pop | H29: Closer Than My Breath | I29: =COUNTIF($H$3:$H$248,H29) -> 1 | K29: Yes
A30: 43 | B30: ▶ Play | C30: music/Clothed in Your Glory (R&B).mp3 | D30: Clothed in Your Glory (R&B) | E30: RRN | F30: Christian R&B | G30: R&B | H30: Clothed in Your Glory | I30: =COUNTIF($H$3:$H$248,H30) -> 1 | J30: NEW | K30: Yes
A31: 44 | B31: ▶ Play | C31: music/Come Alive (Chains Fall Down) Radio.mp3 | D31: Come Alive (Chains Fall Down) (Pop) | E31: RRN | F31: Christian Pop | G31: Pop | H31: Come Alive | I31: =COUNTIF($H$3:$H$248,H31) -> 2 | K31: Yes
A32: 45 | B32: ▶ Play | C32: music/Come Alive (Chains Fall Down).mp3 | D32: Come Alive (Praise & Worship) | E32: RRN | F32: Praise & Worship | G32: Praise & Worship | H32: Come Alive | I32: =COUNTIF($H$3:$H$248,H32) -> 2 | K32: Yes
A33: 46 | B33: ▶ Play | C33: music/Come Alive (Chains Fall Down) Radio (1).mp3 | D33: Come Alive (Chains Fall Down) (Radio Edit) | E33: RRN | F33: Christian Pop | G33: Pop | H33: Come Alive Radio | I33: =COUNTIF($H$3:$H$248,H33) -> 1 | K33: Yes
A34: 47 | B34: ▶ Play | C34: music/Consuming Fire Country.mp3 | D34: Consuming Fire (Country) | E34: RRN | F34: Christian Country | G34: Country | H34: Consuming Fire | I34: =COUNTIF($H$3:$H$248,H34) -> 2 | K34: Yes
A35: 48 | B35: ▶ Play | C35: music/Consuming Fire (1).mp3 | D35: Consuming Fire (Pop) | E35: RRN | F35: Christian Pop | G35: Pop | H35: Consuming Fire | I35: =COUNTIF($H$3:$H$248,H35) -> 2 | K35: Yes
A36: 50 | B36: ▶ Play | C36: music/Consuming Fire Jazz.mp3 | D36: Consuming Fire (Blues Jazz Version) | E36: RRN | F36: Christian Blues-Jazz | G36: Blues-Jazz | H36: Consuming Fire Jazz | I36: =COUNTIF($H$3:$H$248,H36) -> 1 | K36: Yes
A37: 51 | B37: ▶ Play | C37: music/CROWN OF THORNS, HANDS OF GRACE— Post-Grunge.mp3 | D37: Crown of Thorns, Hands of Grace (Worship Rock) | E37: RRN | F37: Worship Rock | G37: Worship Rock | H37: Crown of Thorns, Hands of Grace | I37: =COUNTIF($H$3:$H$248,H37) -> 1 | K37: Yes
A38: 52 | B38: ▶ Play | C38: music/Daughter Again EDM (1).mp3 | D38: Daughter Again (EDM) | E38: RRN | F38: Christian EDM | G38: EDM | H38: Daughter Again | I38: =COUNTIF($H$3:$H$248,H38) -> 2 | K38: Yes
A39: 54 | B39: ▶ Play | C39: music/Daughter Again Pop (1).mp3 | D39: Daughter Again (Pop) | E39: RRN | F39: Christian Pop | G39: Pop | H39: Daughter Again | I39: =COUNTIF($H$3:$H$248,H39) -> 2 | K39: Yes
A40: 56 | B40: ▶ Play | C40: music/Devil_Under_My_Soles.mp3 | D40: Devil Under My Soles (Pop) | E40: RRN | F40: Christian Pop | G40: Pop | H40: Devil Under My Soles | I40: =COUNTIF($H$3:$H$248,H40) -> 1 | K40: Yes
A41: 60 | B41: ▶ Play | C41: music/Divine-Control.mp3 | D41: Divine Control (Trip-Hop) | E41: RRN | F41: Christian Trip-Hop | G41: Trip-Hop | H41: Divine Control | I41: =COUNTIF($H$3:$H$248,H41) -> 1 | K41: Yes
A42: 61 | B42: ▶ Play | C42: music/Divine Controlt13.mp3 | D42: Divine Control (EDM Version) | E42: RRN | F42: Christian EDM | G42: EDM | H42: Divine Controlt13 | I42: =COUNTIF($H$3:$H$248,H42) -> 1 | K42: Yes
A43: 62 | B43: ▶ Play | C43: music/Do You Love Me_ (Outlaw Country).mp3 | D43: Do You Love Me? (Outlaw Country) | E43: RRN | F43: Christian Outlaw Country | G43: Outlaw Country | H43: Do You Love Me? | I43: =COUNTIF($H$3:$H$248,H43) -> 1 | J43: NEW | K43: Yes
A44: 63 | B44: ▶ Play | C44: music/Don't You Cry Anymore (1).mp3 | D44: Don't You Cry Anymore (Pop) | E44: RRN | F44: Christian Pop | G44: Pop | H44: Don't You Cry Anymore | I44: =COUNTIF($H$3:$H$248,H44) -> 1 | J44: NEW | K44: Yes
A45: 65 | B45: ▶ Play | C45: music/Double Portion.mp3 | D45: Double Portion (Southern Blues Rock) | E45: RRN | F45: Christian Southern Blues Rock | G45: Southern Blues Rock | H45: Double Portion | I45: =COUNTIF($H$3:$H$248,H45) -> 1 | K45: Yes
A46: 66 | B46: ▶ Play | C46: music/Double Portion Radio (1).mp3 | D46: Double Portion (Radio Edit) | E46: RRN | F46: Christian Alternative R&B | G46: Alternative R&B | H46: Double Portion Radio | I46: =COUNTIF($H$3:$H$248,H46) -> 1 | K46: Yes
A47: 67 | B47: ▶ Play | C47: music/FAITHFULLYt8.mp3 | D47: Faithfully (EDM) | E47: RRN | F47: Christian EDM | G47: EDM | H47: Faithfully | I47: =COUNTIF($H$3:$H$248,H47) -> 2 | K47: Yes
A48: 68 | B48: ▶ Play | C48: music/FAITHFULLY.mp3 | D48: Faithfully (Trip-Hop) | E48: RRN | F48: Christian Trip-Hop | G48: Trip-Hop | H48: Faithfully | I48: =COUNTIF($H$3:$H$248,H48) -> 2 | K48: Yes
A49: 69 | B49: ▶ Play | C49: music/Fall on Us Chill.mp3 | D49: Fall on Us (Chillwave) | E49: RRN | F49: Christian Chillwave | G49: Chillwave | H49: Fall on Us | I49: =COUNTIF($H$3:$H$248,H49) -> 3 | K49: Yes
A50: 70 | B50: ▶ Play | C50: music/Fall on U s Outlaw Country (2).mp3 | D50: Fall on Us (Outlaw Country) | E50: RRN | F50: Christian Outlaw Country | G50: Outlaw Country | H50: Fall on Us | I50: =COUNTIF($H$3:$H$248,H50) -> 3 | K50: Yes
A51: 73 | B51: ▶ Play | C51: music/FallmOn Us.mp3 | D51: Fall on Us (Psychedelic Christian Rock) | E51: RRN | F51: Psychedelic Christian Rock | G51: Psychedelic Christian Rock | H51: Fall on Us | I51: =COUNTIF($H$3:$H$248,H51) -> 3 | K51: Yes
A52: 74 | B52: ▶ Play | C52: music/Fall on Us Radio (1).mp3 | D52: Fall on Us (Alternative R&B Radio Edit) | E52: RRN | F52: Christian Alternative R&B | G52: Alternative R&B | H52: Fall on Us Radio | I52: =COUNTIF($H$3:$H$248,H52) -> 1 | K52: Yes
A53: 77 | B53: ▶ Play | C53: music/Father’s Steady Hands.mp3 | D53: Father's Steady Hands (Hip-Hop) | E53: RRN | F53: Christian Hip-Hop | G53: Hip-Hop | H53: Father’s Steady Hands | I53: =COUNTIF($H$3:$H$248,H53) -> 1 | K53: Yes
A54: 78 | B54: ▶ Play | C54: music/Fever.mp3 | D54: Fever (K-Pop) | E54: RRN | F54: Christian K-Pop | G54: K-Pop | H54: Fever | I54: =COUNTIF($H$3:$H$248,H54) -> 1 | K54: Yes
A55: 79 | B55: ▶ Play | C55: music/Fire in My Bones Chill (1).mp3 | D55: Fire in My Bones (Chillwave) | E55: RRN | F55: Christian Chillwave | G55: Chillwave | H55: Fire in My Bones | I55: =COUNTIF($H$3:$H$248,H55) -> 2 | K55: Yes
A56: 81 | B56: ▶ Play | C56: music/Fire in My Bones (1).mp3 | D56: Fire in My Bones (Trip-Hop) | E56: RRN | F56: Christian Trip-Hop | G56: Trip-Hop | H56: Fire in My Bones | I56: =COUNTIF($H$3:$H$248,H56) -> 2 | K56: Yes
... A62: 92 | B62: ▶ Play | C62: music/FROM PIT TO PURPOSEt7 (1).mp3 | D62: From Pit to Purpose (Worship Rock) | E62: RRN | F62: Worship Rock | G62: Worship Rock | H62: From Pit to Purpose | I62: =COUNTIF($H$3:$H$248,H62) -> 2 | K62: Yes
A63: 94 | B63: ▶ Play | C63: music/Give God Your Burden (Country).mp3 | D63: Give God Your Burden (Country) | E63: RRN | F63: Christian Country | G63: Country | H63: Give God Your Burden | I63: =COUNTIF($H$3:$H$248,H63) -> 1 | J63: NEW | K63: Yes
A64: 96 | B64: ▶ Play | C64: music/Go a Little Further (1).mp3 | D64: Go a Little Further (Testimony) | E64: RRN | F64: Testimony Songs | G64: Testimony | H64: Go a Little Further | I64: =COUNTIF($H$3:$H$248,H64) -> 1 | K64: Yes
A65: 98 | B65: ▶ Play | C65: music/God's Glory Ends My Story Modern country-pop.mp3 | D65: God's Glory Ends My Story (Country) | E65: RRN | F65: Christian Country | G65: Country | H65: God's Glory Ends My Story | I65: =COUNTIF($H$3:$H$248,H65) -> 1 | K65: Yes
A66: 102 | B66: ▶ Play | C66: music/God's Glory Ends My Story Gospel Soul Worship Ballad.mp3 | D66: God's Glory Ends My Story (Praise & Worship Ballad) | E66: RRN | F66: Praise & Worship | G66: Praise & Worship | H66: God's Glory Ends My Story Gospel Soul Worship Ballad | I66: =COUNTIF($H$3:$H$248,H66) -> 1 | K66: Yes
A67: 103 | B67: ▶ Play | C67: music/Grace Fever.mp3 | D67: Grace Fever (K-Pop) | E67: RRN | F67: Christian K-Pop | G67: K-Pop | H67: Grace Fever | I67: =COUNTIF($H$3:$H$248,H67) -> 1 | K67: Yes
A68: 104 | B68: ▶ Play | C68: music/Grace in Cowboy Boots (Country).mp3 | D68: Grace in Cowboy Boots (Country) | E68: RRN | F68: Christian Country | G68: Country | H68: Grace in Cowboy Boots | I68: =COUNTIF($H$3:$H$248,H68) -> 1 | J68: NEW | K68: Yes
A69: 105 | B69: ▶ Play | C69: music/“Grace Runs Deep (Like a River) Psychedelic Rock Version (1).mp3 | D69: Grace Runs Deep (Like a River) (Psychedelic Christian Rock) | E69: RRN | F69: Psychedelic Christian Rock | G69: Psychedelic Christian Rock | H69: Grace Runs Deep Version | I69: =COUNTIF($H$3:$H$248,H69) -> 1 | K69: Yes
A70: 107 | B70: ▶ Play | C70: music/Grace This Place Outlaw Country Rock.mp3 | D70: Grace This Place (Country) | E70: RRN | F70: Christian Country | G70: Country | H70: Grace This Place | I70: =COUNTIF($H$3:$H$248,H70) -> 1 | K70: Yes
A71: 108 | B71: ▶ Play | C71: music/GRANDMA OUTDANCED ME IN CHURCH — Bounce Drop Country Rap,.mp3 | D71: Grandma Outdanced Me in Church (Bounce Drop) | E71: RRN | F71: Christian Bounce Drop | G71: Bounce Drop | H71: Grandma Outdanced Me in Church | I71: =COUNTIF($H$3:$H$248,H71) -> 1 | K71: Yes
A72: 109 | B72: ▶ Play | C72: music/Grandma Said Amen Bounce Drop Country Rap.mp3 | D72: Grandma Said Amen Country Rap (Bounce Drop) | E72: RRN | F72: Christian Bounce Drop | G72: Bounce Drop | H72: Grandma Said Amen Country Rap | I72: =COUNTIF($H$3:$H$248,H72) -> 1 | K72: Yes
A73: 111 | B73: ▶ Play | C73: music/Granpa was a Preacher Man (1).mp3 | D73: Grandpa Was a Preacher Man (Country) | E73: RRN | F73: Christian Country | G73: Country | H73: Granpa Was a Preacher Man | I73: =COUNTIF($H$3:$H$248,H73) -> 1 | K73: Yes
A74: 113 | B74: ▶ Play | C74: music/GROUNDED IN VICTORY— Post-Grunge.mp3 | D74: Grounded in Victory (2000s Alternative Metal) | E74: RRN | F74: Christian 2000s Alternative Metal | G74: 2000s Alternative Metal | H74: Grounded in Victory | I74: =COUNTIF($H$3:$H$248,H74) -> 2 | K74: Yes
A75: 114 | B75: ▶ Play | C75: music/GROUNDED IN VICTORY— Blues Rock.mp3 | D75: Grounded in Victory (Gospel Blues) | E75: RRN | F75: Gospel Blues | G75: Gospel Blues | H75: Grounded in Victory | I75: =COUNTIF($H$3:$H$248,H75) -> 2 | K75: Yes
A76: 116 | B76: ▶ Play | C76: music/Hair Down Glory (1).mp3 | D76: Hair Down Glory (Stage Style) | E76: RRN | F76: Christian Stage Style | G76: Stage Style | H76: Hair Down Glory | I76: =COUNTIF($H$3:$H$248,H76) -> 1 | K76: Yes
A77: 118 | B77: ▶ Play | C77: music/Hallelujah in the Fire Cowboy Outlaw Rock.mp3 | D77: Hallelujah in the Fire (Worship Rock) | E77: RRN | F77: Worship Rock | G77: Worship Rock | H77: Hallelujah in the Fire | I77: =COUNTIF($H$3:$H$248,H77) -> 1 | K77: Yes
A78: 119 | B78: ▶ Play | C78: music/Hallelujah Lamb Trance (1).mp3 | D78: Hallelujah Lamb Trance (EDM) | E78: RRN | F78: Christian EDM | G78: EDM | H78: Hallelujah Lamb Trance | I78: =COUNTIF($H$3:$H$248,H78) -> 1 | K78: Yes
A79: 124 | B79: ▶ Play | C79: music/Hannah_Prayed.mp3 | D79: Hannah Prayed (Teaching) | E79: RRN Teaching | F79: Biblical Teaching | G79: Teaching | H79: Hannah Prayed | I79: =COUNTIF($H$3:$H$248,H79) -> 1 | K79: Yes
A80: 125 | B80: ▶ Play | C80: music/Hard-to-See Lines.mp3 | D80: Hard to See Lines (Pop) | E80: RRN | F80: Christian Pop | G80: Pop | H80: Hard to See Lines | I80: =COUNTIF($H$3:$H$248,H80) -> 1 | K80: Yes
... A89: 140 | B89: ▶ Play | C89: music/Hes comming backt.mp3 | D89: He's Coming Back (EDM) | E89: RRN | F89: Christian EDM | G89: EDM | H89: He's Coming Back | I89: =COUNTIF($H$3:$H$248,H89) -> 1 | K89: Yes
A90: 143 | B90: ▶ Play | C90: music/Healed by the Hand (Dance).mp3 | D90: Healed by the Hand (Dance) | E90: RRN | F90: Christian Dance | G90: Dance | H90: Healed by the Hand | I90: =COUNTIF($H$3:$H$248,H90) -> 1 | J90: NEW | K90: Yes
A91: 145 | B91: ▶ Play | C91: music/Hear My Cause, O Lord.mp3 | D91: Hear My Cause, O Lord (Southern Blues Rock) | E91: RRN | F91: Christian Southern Blues Rock | G91: Southern Blues Rock | H91: Hear My Cause, O Lord | I91: =COUNTIF($H$3:$H$248,H91) -> 2 | K91: Yes
A92: 146 | B92: ▶ Play | C92: music/Hear My Cause, O Lord (1).mp3 | D92: Hear My Cause, O Lord (Southern Christian Rock) | E92: RRN | F92: Southern Christian Rock | G92: Southern Christian Rock | H92: Hear My Cause, O Lord | I92: =COUNTIF($H$3:$H$248,H92) -> 2 | K92: Yes
A93: 147 | B93: ▶ Play | C93: music/HEART OF GLASS, HAND OF GRACE (Dance).mp3 | D93: Heart of Glass, Hand of Grace (Dance) | E93: RRN | F93: Christian Dance | G93: Dance | H93: Heart of Glass, Hand of Grace | I93: =COUNTIF($H$3:$H$248,H93) -> 1 | J93: NEW | K93: Yes
A94: 148 | B94: ▶ Play | C94: music/Here-Comes-the-Pain.mp3 | D94: Here Comes the Pain (EDM) | E94: RRN | F94: Christian EDM | G94: EDM | H94: Here Comes the Pain | I94: =COUNTIF($H$3:$H$248,H94) -> 1 | K94: Yes
A95: 149 | B95: ▶ Play | C95: music/Here Comes the Paint17 (1).mp3 | D95: Here Comes the Paint (EDM) | E95: RRN | F95: Christian EDM | G95: EDM | H95: Here Comes the Paint | I95: =COUNTIF($H$3:$H$248,H95) -> 1 | K95: Yes
A96: 152 | B96: ▶ Play | C96: music/Hes comming back.mp3 | D96: Hes Comming Back (EDM) | E96: RRN | F96: Christian EDM | G96: EDM | H96: Hes Comming Back | I96: =COUNTIF($H$3:$H$248,H96) -> 1 | K96: Yes
A97: 153 | B97: ▶ Play | C97: music/Hidden Glory R&B.mp3 | D97: Hidden Glory (R&B) | E97: RRN | F97: Christian R&B | G97: R&B | H97: Hidden Glory | I97: =COUNTIF($H$3:$H$248,H97) -> 1 | K97: Yes
A98: 154 | B98: ▶ Play | C98: music/Hidden in the Shadow of His Wings (LoFi).mp3 | D98: Hidden in the Shadow of His Wings (LoFi) | E98: RRN | F98: Christian LoFi | G98: LoFi | H98: Hidden in the Shadow of His Wings | I98: =COUNTIF($H$3:$H$248,H98) -> 1 | J98: NEW | K98: Yes
A99: 155 | B99: ▶ Play | C99: music/His Mercy Runs Deep (R&B).mp3 | D99: His Mercy Runs Deep (R&B) | E99: RRN | F99: Christian R&B | G99: R&B | H99: His Mercy Runs Deep | I99: =COUNTIF($H$3:$H$248,H99) -> 1 | J99: NEW | K99: Yes
A100: 158 | B100: ▶ Play | C100: music/Holy Rest (1).mp3 | D100: Holy Rest (80's) | E100: RRN | F100: Christian 80's | G100: 80's | H100: Holy Rest | I100: =COUNTIF($H$3:$H$248,H100) -> 3 | K100: Yes
A101: 160 | B101: ▶ Play | C101: music/Holy Rest R&B JAZZ CHILL.mp3 | D101: Holy Rest (Alternative R&B) | E101: RRN | F101: Christian Alternative R&B | G101: Alternative R&B | H101: Holy Rest | I101: =COUNTIF($H$3:$H$248,H101) -> 3 | K101: Yes
A102: 161 | B102: ▶ Play | C102: music/Holy Rest (Freestyle).mp3 | D102: Holy Rest (Freestyle) (80's) | E102: RRN | F102: Christian 80's | G102: 80's | H102: Holy Rest | I102: =COUNTIF($H$3:$H$248,H102) -> 3 | K102: Yes
A103: 162 | B103: ▶ Play | C103: music/Hope Over Despair.mp3 | D103: Hope Over Despair (Worship) | E103: RRN | F103: Contemporary Worship | G103: Worship | H103: Hope Over Despair | I103: =COUNTIF($H$3:$H$248,H103) -> 1 | K103: Yes
A104: 163 | B104: ▶ Play | C104: music/I Almost Left My Coffee in the Pew — Bounce Drop Country Rap,.mp3 | D104: I Almost Left My Coffee in the Pew (Bounce Drop) | E104: RRN | F104: Christian Bounce Drop | G104: Bounce Drop | H104: I Almost Left My Coffee in the Pew | I104: =COUNTIF($H$3:$H$248,H104) -> 1 | K104: Yes
A105: 164 | B105: ▶ Play | C105: music/I Am Barabbas (Outlaw Country).mp3 | D105: I Am Barabbas (Outlaw Country) | E105: RRN | F105: Christian Outlaw Country | G105: Outlaw Country | H105: I Am Barabbas | I105: =COUNTIF($H$3:$H$248,H105) -> 1 | J105: NEW | K105: Yes
A106: 165 | B106: ▶ Play | C106: music/I am Born Again (Alt 2000s Rock).mp3 | D106: I Am Born Again (Alternative 2000s Rock) | E106: RRN | F106: Christian Alternative Rock | G106: Alt 2000s Rock | H106: I Am Born Again | I106: =COUNTIF($H$3:$H$248,H106) -> 1 | J106: NEW | K106: Yes
A107: 166 | B107: ▶ Play | C107: music/I am the bride.mp3 | D107: I Am the Bride (R&B) | E107: RRN | F107: Christian R&B | G107: R&B | H107: I Am the Bride | I107: =COUNTIF($H$3:$H$248,H107) -> 1 | K107: Yes
A108: 167 | B108: ▶ Play | C108: music/I am Yours Chill.mp3 | D108: I Am Yours (Chillwave) | E108: RRN | F108: Christian Chillwave | G108: Chillwave | H108: I Am Yours | I108: =COUNTIF($H$3:$H$248,H108) -> 1 | K108: Yes
A109: 168 | B109: ▶ Play | C109: music/I Googled God (K - Pop).mp3 | D109: I Googled God (K-Pop) | E109: RRN | F109: Christian K-Pop | G109: K-Pop | H109: I Googled God | I109: =COUNTIF($H$3:$H$248,H109) -> 1 | J109: NEW | K109: Yes
A110: 169 | B110: ▶ Play | C110: music/“I QUOTED THE WRONG VERSE (IT WAS A BURGER KING AD)— Bounce Drop Country Rap,.mp3 | D110: I Quoted the Wrong Verse (It Was a Burger King Ad) (Bounce Drop) | E110: RRN | F110: Christian Bounce Drop | G110: Bounce Drop | H110: I Quoted the Wrong Verse | I110: =COUNTIF($H$3:$H$248,H110) -> 1 | K110: Yes
A111: 170 | B111: ▶ Play | C111: music/I Was Running (But Mercy Caught Me) Chill.mp3 | D111: I Was Running (Gut Mercy Caught Me) (Chillwave) | E111: RRN | F111: Christian Chillwave | G111: Chillwave | H111: I Was Running | I111: =COUNTIF($H$3:$H$248,H111) -> 1 | K111: Yes
A112: 171 | B112: ▶ Play | C112: music/I Will Walk On Water Remix.mp3 | D112: I Will Walk on Water Remix (EDM) | E112: RRN | F112: Christian EDM | G112: EDM | H112: I Will Walk on Water Remix | I112: =COUNTIF($H$3:$H$248,H112) -> 1 | K112: Yes
A113: 176 | B113: ▶ Play | C113: music/If I Could Walk in His Boots.mp3 | D113: If I Could Walk in His Boots (Country Pop) | E113: RRN | F113: Christian Country - Pop | G113: Country - Pop | H113: If I Could Walk in His Boots | I113: =COUNTIF($H$3:$H$248,H113) -> 1 | K113: Yes
...

Sheet Rotation Rules
A1: Rule | B1: Value | C1: What it does
A2: Family cooldown (minutes) | B2: 120 | C2: No version of a song within this window.
A3: Play-all rotation | B3: Yes | C3: Every song is always eligible; the whole catalog cycles before anything repeats.
A4: No immediate repeat | B4: Yes | C4: Never twice back-to-back.
A5: Orphan genres always eligible | B5: Yes | C5: Songs with no daypart still air.
A6: Bounce drops as specialty | B6: Yes | C6: Bounce sprinkles between songs.
A7: Biblical Teaching as segments | B7: Yes | C7: Teaching airs as segments.
A8: Follow daypart clock | B8: No | C8: OFF — full play-all: every song airs at any hour (dayparts no longer gate the music).

Sheet Dayparts
A1: Daypart Name | B1: Start Hour | C1: End Hour | D1: Genres (semicolon-separated) | E1: Specialty
A2: Healing & Recovery | B2: 0 | C2: 6 | D2: praise & worship; contemporary worship; worship rock; christian chillwave; christian blues-jazz; testimony; testimony songs
A3: Morning Motivation | B3: 6 | C3: 10 | D3: christian pop; southern christian rock; worship rock; christian country; praise & worship | E3: bounce
A4: Christian 80s Lunch | B4: 10 | C4: 14 | D4: christian pop; southern christian rock; christian country; christian country - pop | E4: 80s
A5: Workday Encouragement | B5: 14 | C5: 17 | D5: christian country; southern christian rock; christian pop; christian soul | E5: bounce
A6: Drive Time | B6: 17 | C6: 20 | D6: southern christian rock; christian country; christian pop; christian 80's
A7: Night Energy | B7: 20 | C7: 24 | D7: christian edm; christian dance; christian k-pop; christian trip-hop | E7: bounce

Sheet Genres
A1: Genre | B1: Songs | C1: In a Daypart?
A2: Biblical Teaching | B2: =COUNTIF('Song Library'!$F$3:$F$248,A2) -> 9 | C2: No — always-eligible
A3: Christian 2000s Alternative Metal | B3: =COUNTIF('Song Library'!$F$3:$F$248,A3) -> 3 | C3: No — always-eligible
A4: Christian 80's | B4: =COUNTIF('Song Library'!$F$3:$F$248,A4) -> 7 | C4: Yes
A5: Christian Alternative R&B | B5: =COUNTIF('Song Library'!$F$3:$F$248,A5) -> 9 | C5: No — always-eligible
A6: Christian Alternative Rock | B6: =COUNTIF('Song Library'!$F$3:$F$248,A6) -> 4 | C6: No — always-eligible
A7: Christian Bluegrass | B7: =COUNTIF('Song Library'!$F$3:$F$248,A7) -> 3 | C7: No — always-eligible
A8: Christian Blues-Jazz | B8: =COUNTIF('Song Library'!$F$3:$F$248,A8) -> 4 | C8: Yes
A9: Christian Bounce Drop | B9: =COUNTIF('Song Library'!$F$3:$F$248,A9) -> 12 | C9: No — always-eligible
A10: Christian Chillwave | B10: =COUNTIF('Song Library'!$F$3:$F$248,A10) -> 5 | C10: Yes
A11: Christian Country | B11: =COUNTIF('Song Library'!$F$3:$F$248,A11) -> 10 | C11: Yes
A12: Christian Country - Pop | B12: =COUNTIF('Song Library'!$F$3:$F$248,A12) -> 6 | C12: Yes
A13: Christian Dance | B13: =COUNTIF('Song Library'!$F$3:$F$248,A13) -> 7 | C13: Yes
... A34: Worship Rock | B34: =COUNTIF('Song Library'!$F$3:$F$248,A34) -> 6 | C34: Yes
